<?xml version="1.0" encoding="UTF-8"?><features version="1">
    <feature name="Bdd12" path="src\test\resources\F1\BDD12_34001.feature" started="1730808083994" tag="">
        <file>
            <![CDATA[#Auto generated Octane revision tag
@BSPID34001REV0.2.0
Feature: Bdd12
@TSCID2444008
	Scenario: Bdd1
		Given 1
		When 2
		Then 3

@TSCID2444009
	Scenario: Bdd2
		Given 2
		When 4
		Then 6

	Scenario: Bdd3
		Given 22
		When 44
		Then 66
@manual1
	Scenario: bdd4
		Given 22
		When 44
		Then 66
]]>
        </file>
        <scenarios>
            <scenario name="bdd4">
                <steps>
                    <step duration="6486500" name="Given 22" status="passed"/>
                    <step duration="190600" name="When 44" status="passed"/>
                    <step duration="106800" name="Then 66" status="passed"/>
                </steps>
            </scenario>
        </scenarios>
    </feature>
</features>
